-- phpMyAdmin SQL Dump
-- version 3.4.7.1
-- http://www.phpmyadmin.net
--
-- 主机: localhost
-- 生成日期: 2013 年 08 月 13 日 06:59
-- 服务器版本: 5.1.63
-- PHP 版本: 5.2.17p1

SET SQL_MODE="NO_AUTO_VALUE_ON_ZERO";
SET time_zone = "+00:00";


/*!40101 SET @OLD_CHARACTER_SET_CLIENT=@@CHARACTER_SET_CLIENT */;
/*!40101 SET @OLD_CHARACTER_SET_RESULTS=@@CHARACTER_SET_RESULTS */;
/*!40101 SET @OLD_COLLATION_CONNECTION=@@COLLATION_CONNECTION */;
/*!40101 SET NAMES utf8 */;

--
-- 数据库: `lihailan`
--

-- --------------------------------------------------------

--
-- 表的结构 `lhl_access`
--

CREATE TABLE IF NOT EXISTS `lhl_access` (
  `role_id` smallint(6) unsigned NOT NULL,
  `node_id` smallint(6) unsigned NOT NULL,
  `level` tinyint(1) NOT NULL,
  `pid` smallint(6) NOT NULL,
  `module` varchar(50) DEFAULT NULL,
  KEY `groupId` (`role_id`),
  KEY `nodeId` (`node_id`)
) ENGINE=MyISAM DEFAULT CHARSET=utf8;

-- --------------------------------------------------------

--
-- 表的结构 `lhl_ad`
--

CREATE TABLE IF NOT EXISTS `lhl_ad` (
  `ad_id` smallint(5) unsigned NOT NULL AUTO_INCREMENT,
  `position_id` smallint(5) unsigned NOT NULL DEFAULT '0',
  `media_type` tinyint(3) unsigned NOT NULL DEFAULT '0',
  `ad_name` varchar(60) NOT NULL DEFAULT '',
  `desc` text NOT NULL,
  `ad_link` varchar(255) NOT NULL DEFAULT '',
  `ad_code` text NOT NULL,
  `start_time` int(11) NOT NULL DEFAULT '0',
  `end_time` int(11) NOT NULL DEFAULT '0',
  `link_man` varchar(60) NOT NULL DEFAULT '',
  `link_email` varchar(60) NOT NULL DEFAULT '',
  `link_phone` varchar(60) NOT NULL DEFAULT '',
  `click_count` mediumint(8) unsigned NOT NULL DEFAULT '0',
  `status` tinyint(3) unsigned NOT NULL DEFAULT '0',
  `type` tinyint(3) NOT NULL DEFAULT '0',
  `sort` smallint(6) unsigned NOT NULL DEFAULT '0',
  `add_time` int(11) NOT NULL DEFAULT '0',
  PRIMARY KEY (`ad_id`),
  KEY `position_id` (`position_id`),
  KEY `enabled` (`status`)
) ENGINE=MyISAM  DEFAULT CHARSET=utf8 AUTO_INCREMENT=3 ;

--
-- 转存表中的数据 `lhl_ad`
--

INSERT INTO `lhl_ad` (`ad_id`, `position_id`, `media_type`, `ad_name`, `desc`, `ad_link`, `ad_code`, `start_time`, `end_time`, `link_man`, `link_email`, `link_phone`, `click_count`, `status`, `type`, `sort`, `add_time`) VALUES
(1, 1, 0, '西瓜故事', '', 'http://xinlan.6681517.com', '5205bc5e60f28.jpg', 0, 0, '', '', '', 0, 1, 0, 0, 0),
(2, 2, 0, '作品bannder图', '', 'http://www.6681517.com/index.html', '5205a0e834a24.gif', 0, 0, '', '', '', 0, 1, 0, 0, 0);

-- --------------------------------------------------------

--
-- 表的结构 `lhl_ad_position`
--

CREATE TABLE IF NOT EXISTS `lhl_ad_position` (
  `position_id` tinyint(3) unsigned NOT NULL AUTO_INCREMENT,
  `position_name` varchar(60) NOT NULL DEFAULT '',
  `ad_width` smallint(5) unsigned NOT NULL DEFAULT '0',
  `ad_height` smallint(5) unsigned NOT NULL DEFAULT '0',
  `position_desc` varchar(255) NOT NULL DEFAULT '',
  `template` varchar(200) DEFAULT NULL,
  `data` varchar(200) DEFAULT NULL COMMENT '模版数据',
  `status` tinyint(3) NOT NULL DEFAULT '0' COMMENT '广告为状态',
  `add_time` int(11) NOT NULL,
  `type` tinyint(3) NOT NULL DEFAULT '0' COMMENT '系统标识',
  PRIMARY KEY (`position_id`)
) ENGINE=MyISAM  DEFAULT CHARSET=utf8 AUTO_INCREMENT=3 ;

--
-- 转存表中的数据 `lhl_ad_position`
--

INSERT INTO `lhl_ad_position` (`position_id`, `position_name`, `ad_width`, `ad_height`, `position_desc`, `template`, `data`, `status`, `add_time`, `type`) VALUES
(1, '首页banner图', 960, 268, '', 'adv_pic_lunhuan', 'mF_YSlider', 1, 1375743629, 0),
(2, '作品banner图', 758, 230, '作品banner图', 'adv', NULL, 1, 1376100489, 0);

-- --------------------------------------------------------

--
-- 表的结构 `lhl_article`
--

CREATE TABLE IF NOT EXISTS `lhl_article` (
  `article_id` mediumint(8) unsigned NOT NULL AUTO_INCREMENT,
  `cat_id` smallint(5) NOT NULL DEFAULT '0',
  `title` varchar(150) NOT NULL DEFAULT '',
  `content` longtext NOT NULL,
  `author` varchar(30) NOT NULL DEFAULT '',
  `come_from` varchar(255) DEFAULT NULL COMMENT '文章源自',
  `author_email` varchar(60) NOT NULL DEFAULT '',
  `keywords` varchar(255) NOT NULL DEFAULT '',
  `article_type` tinyint(1) unsigned NOT NULL DEFAULT '2',
  `is_open` tinyint(1) unsigned NOT NULL DEFAULT '1',
  `add_time` int(10) unsigned NOT NULL DEFAULT '0',
  `file_url` varchar(255) NOT NULL DEFAULT '',
  `open_type` tinyint(1) unsigned NOT NULL DEFAULT '0',
  `link` varchar(255) NOT NULL DEFAULT '',
  `description` varchar(255) DEFAULT NULL,
  `sort` int(11) unsigned NOT NULL DEFAULT '0' COMMENT '文章显示排序',
  `click_count` int(10) unsigned NOT NULL DEFAULT '2',
  `status` tinyint(3) NOT NULL COMMENT '文章状态',
  `region_id` int(11) DEFAULT '0',
  `country` int(11) NOT NULL DEFAULT '0',
  `province` int(11) NOT NULL DEFAULT '0',
  `city` int(11) NOT NULL DEFAULT '0',
  `county` int(11) NOT NULL DEFAULT '0',
  `township` int(11) NOT NULL DEFAULT '0',
  PRIMARY KEY (`article_id`),
  KEY `cat_id` (`cat_id`)
) ENGINE=MyISAM  DEFAULT CHARSET=utf8 AUTO_INCREMENT=34 ;

--
-- 转存表中的数据 `lhl_article`
--

INSERT INTO `lhl_article` (`article_id`, `cat_id`, `title`, `content`, `author`, `come_from`, `author_email`, `keywords`, `article_type`, `is_open`, `add_time`, `file_url`, `open_type`, `link`, `description`, `sort`, `click_count`, `status`, `region_id`, `country`, `province`, `city`, `county`, `township`) VALUES
(1, 2, '彩色铅手绘效果', '<img src="/Public/Upload/article/day_130808/201308080835583856.jpg" alt="" /><br />', '心澜', '心澜', '', '手绘作品  水粉    彩铅  室内图', 2, 1, 1375744593, '5202e996483dd.jpg', 0, '', '', 5, 2, 1, 0, 0, 0, 0, 0, 0),
(2, 3, '668自由云网站', '<p>668自由云网站建设</p><p><img src="/Public/Upload/article/day_130808/201308080853419075.jpg" alt="" /><br /></p>', '心澜', '心澜', '', '网站建设   自由云   ', 2, 1, 1375745143, '5202ed64b5b43.jpg', 0, 'http://www.6681517.com', '', 1, 2, 1, 0, 0, 0, 0, 0, 0),
(3, 1, '小图标临摹练习', '<img src="/Public/Upload/article/day_130808/201308080902442018.jpg" alt="" /><br />', '', '', '', '作品3', 2, 1, 1375745166, '5202ee3a5459c.jpg', 0, '', '', 3, 2, 1, 0, 0, 0, 0, 0, 0),
(4, 1, 'Logo展示', '<img src="/Public/Upload/article/day_130810/201308101141089862.jpg" alt="" />', '心澜', '心澜', '', '图标   简单图标练习', 2, 1, 1376105399, '5205b69dd86f4.jpg', 0, '', '', 3, 2, 1, 0, 0, 0, 0, 0, 0),
(5, 1, '画册展示', '<img src="/Public/Upload/article/day_130810/201308101145423803.jpg" alt="" />', '', NULL, '', '装饰公司   画册展示    作品练习   平面作品', 2, 1, 1376106259, '5205b76c214e8.jpg', 0, '', NULL, 0, 2, 1, 0, 0, 0, 0, 0, 0),
(6, 1, '海底世界插画练习', '<img src="/Public/Upload/article/day_130810/201308101149246025.jpg" alt="" />', '', '', '', '插画   海底世界   插画练习   AI', 2, 1, 1376106359, '5205b84d4ed40.jpg', 0, '', '', 5, 2, 1, 0, 0, 0, 0, 0, 0),
(7, 1, '手机新闻APP', '<img src="/Public/Upload/article/day_130810/201308101152312752.png" alt="" />', '', '', '', '', 2, 1, 1376106578, '5205b909a3bbf.jpg', 0, '', '', 6, 2, 1, 0, 0, 0, 0, 0, 0),
(8, 1, '小图标练习', '<img src="/Public/Upload/article/day_130810/201308101157478122.jpg" alt="" />', '', '', '', '小图标  临摹  练习', 2, 1, 1376107019, '5205ba3fbef12.jpg', 0, '', '', 3, 2, 1, 0, 0, 0, 0, 0, 0),
(9, 1, '手机播放器APP', '<img src="/Public/Upload/article/day_130810/201308101159364991.jpg" alt="" />', '', '', '', '手机播放器  app', 2, 1, 1376107139, '5205bb0b8bdf6.jpg', 0, '', '', 5, 2, 1, 0, 0, 0, 0, 0, 0),
(10, 1, '汽车画册预览图', '<img src="/Public/Upload/article/day_130810/201308101205093988.jpg" alt="" /><br />', '', NULL, '', '画册   汽车     ', 2, 1, 1376107443, '5205bbf9db0f4.jpg', 0, '', NULL, 0, 2, 1, 0, 0, 0, 0, 0, 0),
(11, 1, '封面制作', '<img src="/Public/Upload/article/day_130810/201308101211127704.jpg" alt="" />', '', NULL, '', '书皮   封面  封底  制作', 2, 1, 1376107803, '5205bd6a77690.jpg', 0, '', NULL, 0, 2, 1, 0, 0, 0, 0, 0, 0),
(13, 2, '手枪', '<img src="/Public/Upload/article/day_130811/201308110935189529.jpg" alt="" />', '心澜', NULL, '', '铅笔   手绘稿   手枪', 2, 1, 1376184860, '5206ea5b94391.jpg', 0, '', NULL, 0, 2, 1, 0, 0, 0, 0, 0, 0),
(14, 2, '篮球手绘', '<img src="/Public/Upload/article/day_130811/201308110937201270.jpg" alt="" />', '心澜', '心澜', '', '篮球手绘稿', 2, 1, 1376184976, '5206f2af0c887.jpg', 0, '', '', 0, 2, 1, 0, 0, 0, 0, 0, 0),
(15, 2, '彩椒', '<img src="/Public/Upload/article/day_130811/201308110957522575.jpg" alt="" /><br />', '心澜', '心澜', '', '彩椒   手绘  彩铅   手绘稿  三个彩椒', 2, 1, 1376186140, '5206effae2e52.jpg', 0, '', '彩椒   手绘  彩铅   手绘稿  三个彩椒', 2, 2, 1, 0, 0, 0, 0, 0, 0),
(16, 2, '手绘时尚双肩包', '<img src="/Public/Upload/article/day_130811/201308111002272653.jpg" alt="" />', '心澜', '', '', '双肩包   时尚皮革包   女包   铅笔稿', 2, 1, 1376186371, '5206f0b9be9ff.jpg', 0, '', '双肩包   时尚皮革包   女包   铅笔稿', 0, 2, 1, 0, 0, 0, 0, 0, 0),
(17, 2, '手绘毛绒小熊', '<img src="/Public/Upload/article/day_130811/201308111012428612.jpg" alt="" />', '心澜', '心澜', '', '铅笔稿  手绘小熊   毛绒玩具   ', 2, 1, 1376187058, '5206f3212da7a.jpg', 0, '', '铅笔稿  手绘小熊   毛绒玩具  ', 4, 2, 1, 0, 0, 0, 0, 0, 0),
(18, 2, '马克笔手绘', '<img src="/Public/Upload/article/day_130811/201308111035533603.jpg" alt="" />', '心澜', '', '', '马克笔手绘   彩色绘画   ', 2, 1, 1376188467, '5206f89230dfc.jpg', 0, '', '马克笔手绘   彩色绘画   ', 0, 2, 1, 0, 0, 0, 0, 0, 0),
(19, 2, '钻石铅笔稿', '<img src="/Public/Upload/article/day_130811/201308111048542729.jpg" alt="" />', '心澜', '', '', '钻石  铅笔稿   手绘   ', 2, 1, 1376189266, '5206fb9dc29e4.jpg', 0, '', '钻石  铅笔稿   手绘   ', 0, 2, 1, 0, 0, 0, 0, 0, 0),
(20, 2, '钢帽子', '<img src="/Public/Upload/article/day_130811/201308111058355657.jpg" alt="" />', '心澜', '', '', '铅笔手绘稿   钢帽子   ', 2, 1, 1376189759, '5206fde29ae8b.jpg', 0, '', '铅笔手绘稿   钢帽子   ', 0, 2, 1, 0, 0, 0, 0, 0, 0),
(21, 2, '德芙巧克力', '<img src="/Public/Upload/article/day_130811/201308111108305255.jpg" alt="" /><br />', '心澜', '', '', '彩色铅笔   德芙巧克力', 2, 1, 1376190333, '52070032c732b.jpg', 0, '', '彩色铅笔   德芙巧克力', 0, 2, 1, 0, 0, 0, 0, 0, 0),
(22, 2, '城市预览', '<img src="/Public/Upload/article/day_130811/201308111116381388.jpg" alt="" />', '', '', '', '彩色铅笔   城市    早中晚  颜色提炼', 2, 1, 1376190870, '5207021cf1f62.jpg', 0, '', '彩色铅笔   城市    早中晚  颜色提炼', 0, 2, 1, 0, 0, 0, 0, 0, 0),
(23, 2, '天气图标', '<img src="/Public/Upload/article/day_130811/201308111126385871.jpg" alt="" />', '', '', '', '天气图标   彩铅笔   手绘稿  ', 2, 1, 1376191531, '520704943478c.jpg', 0, '', '天气图标   彩铅笔   手绘稿 ', 0, 2, 1, 0, 0, 0, 0, 0, 0),
(24, 1, '音乐会海报', '<img src="/Public/Upload/article/day_130811/201308111218201725.jpg" alt="" />', '', '', '', '音乐会海报  平面作品展 演唱会海报', 2, 1, 1376194615, '520710906957f.jpg', 0, '', '音乐会海报  平面作品展 演唱会海报', 0, 2, 1, 0, 0, 0, 0, 0, 0),
(25, 3, '668网站Logo', '<p><img src="/Public/Upload/article/day_130811/201308111220048486.jpg" alt="" /></p><p><img src="/Public/Upload/article/day_130811/201308111220286714.jpg" alt="" /><br /></p>', '心澜', '心澜', '', '668自由云  LOGO   设计  展示', 2, 1, 1376194718, '520853c528ee1.jpg', 0, '', '', 0, 2, 1, 0, 0, 0, 0, 0, 0),
(26, 1, '演唱会', '<img src="/Public/Upload/article/day_130811/201308111225387031.jpg" alt="" />', '心澜', '心澜', '', '演唱会  海报   作品展示  ', 2, 1, 1376195062, '520712494749e.jpg', 0, '', '临摹作品  练习  海报设计   ', 2, 2, 1, 0, 0, 0, 0, 0, 0),
(27, 1, '味千拉面海报设计', '<img src="/Public/Upload/article/day_130811/201308111231038872.jpg" alt="" />', '心澜', '心澜', '', '原创 海报设计  味千拉面  ', 2, 1, 1376195238, '5207138e5f02c.jpg', 0, '', '原创 海报设计  味千拉面  ', 0, 2, 1, 0, 0, 0, 0, 0, 0),
(28, 1, '味千早餐', '<img src="/Public/Upload/article/day_130812/201308120905217275.jpg" alt="" />', '心澜', '', '', '味千早餐   平面作品    ', 2, 1, 1376269279, '520834dcdde99.jpg', 0, '', '', 0, 2, 1, 0, 0, 0, 0, 0, 0),
(29, 3, '租便宜网站', '<img src="/Public/Upload/article/day_130812/201308120912454482.png" alt="" />', '心澜', '', '', '租便宜  网站制作   ', 2, 1, 1376269884, '5208369ad7a9c.jpg', 0, '', '', 0, 2, 1, 0, 0, 0, 0, 0, 0),
(30, 1, 'RGE招贴', '<img src="/Public/Upload/article/day_130812/201308120956072115.jpg" alt="" />', '', '', '', 'RGE招贴  平面作品 ', 2, 1, 1376272480, '520840be7ac86.jpg', 0, '', 'RGE招贴  平面作品 ', 0, 2, 1, 0, 0, 0, 0, 0, 0),
(31, 1, '西瓜情', '<p>&nbsp;<span style="font-family:SimSun;font-size:18px;"><strong>&nbsp;&nbsp; </strong><span style="font-size:24px;"><span style="font-size:18px;">从小生活在田间乡野的我，总忘不掉那些伴我成长的农作物！尤其是在炎炎夏季更让我想起那甜到心底的大西瓜！</span></span>我喜欢用西瓜做设计，除了心里那浓浓的乡情，还有就是因为西瓜自身它能将红绿这两种对比色，那么自然的融于一身，而红绿色彩的搭配给人视觉强烈的冲击感！<br /></span></p><p><span style="font-family:SimSun;font-size:18px;">&nbsp; </span><img src="/Public/Upload/article/day_130812/201308121436359350.jpg" alt="" /></p>', '心澜', '心澜', '', '小图标   临摹    练习', 2, 1, 1376288969, '52088278c6e4c.jpg', 0, '', '', 7, 2, 1, 0, 0, 0, 0, 0, 0),
(32, 1, '小图标练习', '<img src="/Public/Upload/article/day_130812/201308121522301198.jpg" alt="" />', '心澜', '', '', '小图标   字体变形  练习  临摹  AI', 2, 1, 1376290580, '52088d3bd4f37.jpg', 0, '', '', 0, 2, 1, 0, 0, 0, 0, 0, 0),
(33, 3, '手机版租便宜部分App展示', '<p><img src="/Public/Upload/article/day_130812/201308121703016134.jpg" alt="" /></p><p><img src="/Public/Upload/article/day_130812/201308121703206630.jpg" alt="" /><br /></p>', '', '', '', '手机版租便宜  手机APP', 2, 1, 1376296250, '52089d7352bf9.jpg', 0, '', '手机版租便宜  手机APP', 5, 2, 1, 0, 0, 0, 0, 0, 0);

-- --------------------------------------------------------

--
-- 表的结构 `lhl_article_cat`
--

CREATE TABLE IF NOT EXISTS `lhl_article_cat` (
  `cat_id` smallint(5) NOT NULL AUTO_INCREMENT,
  `cat_name` varchar(255) NOT NULL DEFAULT '',
  `cat_type` tinyint(1) unsigned NOT NULL DEFAULT '1',
  `keywords` varchar(255) NOT NULL DEFAULT '',
  `cat_desc` varchar(255) NOT NULL DEFAULT '',
  `sort_order` tinyint(3) unsigned NOT NULL DEFAULT '50',
  `show_in_nav` tinyint(1) unsigned NOT NULL DEFAULT '0',
  `parent_id` smallint(5) unsigned NOT NULL DEFAULT '0',
  `path` varchar(255) NOT NULL COMMENT '类目路径',
  `npath` varchar(255) NOT NULL COMMENT '下级类目路径',
  `template` varchar(100) NOT NULL,
  `list_template` varchar(255) DEFAULT NULL,
  `status` tinyint(1) NOT NULL DEFAULT '0',
  `type` tinyint(3) NOT NULL,
  PRIMARY KEY (`cat_id`),
  KEY `cat_type` (`cat_type`),
  KEY `sort_order` (`sort_order`),
  KEY `parent_id` (`parent_id`)
) ENGINE=MyISAM  DEFAULT CHARSET=utf8 AUTO_INCREMENT=4 ;

--
-- 转存表中的数据 `lhl_article_cat`
--

INSERT INTO `lhl_article_cat` (`cat_id`, `cat_name`, `cat_type`, `keywords`, `cat_desc`, `sort_order`, `show_in_nav`, `parent_id`, `path`, `npath`, `template`, `list_template`, `status`, `type`) VALUES
(1, '作品展示', 1, '', '', 1, 0, 0, '0', '0,1', '', '', 1, 0),
(2, '绘画作品', 1, '', '', 0, 0, 1, '0,1', '0,1,2', '', '', 1, 0),
(3, '网站作品', 1, '', '', 0, 0, 1, '0,1', '0,1,3', '', '', 1, 0);

-- --------------------------------------------------------

--
-- 表的结构 `lhl_friend_link`
--

CREATE TABLE IF NOT EXISTS `lhl_friend_link` (
  `link_id` smallint(5) unsigned NOT NULL AUTO_INCREMENT,
  `type` varchar(50) NOT NULL COMMENT '连接类型',
  `link_name` varchar(255) NOT NULL DEFAULT '',
  `link_url` varchar(255) NOT NULL DEFAULT '',
  `link_logo` varchar(255) NOT NULL DEFAULT '',
  `show_order` tinyint(3) unsigned NOT NULL DEFAULT '50',
  `status` tinyint(3) unsigned NOT NULL COMMENT '友情连接状态',
  `remark` varchar(200) DEFAULT NULL COMMENT '网站简介',
  PRIMARY KEY (`link_id`),
  KEY `show_order` (`show_order`)
) ENGINE=MyISAM DEFAULT CHARSET=utf8 AUTO_INCREMENT=1 ;

-- --------------------------------------------------------

--
-- 表的结构 `lhl_group`
--

CREATE TABLE IF NOT EXISTS `lhl_group` (
  `id` smallint(3) unsigned NOT NULL AUTO_INCREMENT,
  `name` varchar(25) NOT NULL,
  `title` varchar(50) NOT NULL,
  `create_time` int(11) unsigned NOT NULL,
  `update_time` int(11) unsigned NOT NULL DEFAULT '0',
  `status` tinyint(1) unsigned NOT NULL DEFAULT '0',
  `sort` smallint(3) unsigned NOT NULL DEFAULT '0',
  `show` tinyint(1) unsigned NOT NULL DEFAULT '0',
  `type` tinyint(1) unsigned NOT NULL DEFAULT '0' COMMENT '组别类型',
  `nav` smallint(3) unsigned DEFAULT '0' COMMENT '所属菜单',
  PRIMARY KEY (`id`)
) ENGINE=MyISAM  DEFAULT CHARSET=utf8 AUTO_INCREMENT=7 ;

--
-- 转存表中的数据 `lhl_group`
--

INSERT INTO `lhl_group` (`id`, `name`, `title`, `create_time`, `update_time`, `status`, `sort`, `show`, `type`, `nav`) VALUES
(1, 'System', '系统参数设置', 1222841259, 1222841259, 1, 1, 1, 1, 0),
(2, 'access', '后台权限管理', 1351154628, 0, 1, 3, 1, 1, 0),
(3, 'Article', '文章分类管理', 1351153028, 0, 1, 2, 1, 1, 2),
(4, '导航栏管理', '导航栏管理', 1358761764, 0, 1, 3, 1, 0, 4),
(5, '广告管理', '广告管理', 1358760561, 0, 1, 1, 1, 0, 4),
(6, 'friend', '友情连接管理', 1351155048, 0, 1, 9, 1, 0, 4);

-- --------------------------------------------------------

--
-- 表的结构 `lhl_nav`
--

CREATE TABLE IF NOT EXISTS `lhl_nav` (
  `id` smallint(6) NOT NULL AUTO_INCREMENT,
  `name` varchar(100) NOT NULL,
  `cid` smallint(6) NOT NULL DEFAULT '0',
  `url` varchar(255) NOT NULL DEFAULT '',
  `sort` smallint(5) NOT NULL DEFAULT '100',
  `status` tinyint(1) NOT NULL DEFAULT '1',
  `is_fix` tinyint(1) NOT NULL DEFAULT '0',
  `target` tinyint(1) NOT NULL DEFAULT '0',
  PRIMARY KEY (`id`)
) ENGINE=MyISAM DEFAULT CHARSET=utf8 AUTO_INCREMENT=1 ;

-- --------------------------------------------------------

--
-- 表的结构 `lhl_nav_category`
--

CREATE TABLE IF NOT EXISTS `lhl_nav_category` (
  `id` smallint(6) NOT NULL AUTO_INCREMENT,
  `parent_id` smallint(6) NOT NULL DEFAULT '0',
  `name` varchar(60) NOT NULL DEFAULT '',
  `sort` smallint(5) NOT NULL DEFAULT '100',
  `status` tinyint(1) NOT NULL DEFAULT '1',
  `is_fix` tinyint(1) NOT NULL DEFAULT '0',
  PRIMARY KEY (`id`)
) ENGINE=MyISAM DEFAULT CHARSET=utf8 AUTO_INCREMENT=1 ;

-- --------------------------------------------------------

--
-- 表的结构 `lhl_node`
--

CREATE TABLE IF NOT EXISTS `lhl_node` (
  `id` smallint(6) unsigned NOT NULL AUTO_INCREMENT,
  `name` varchar(20) NOT NULL,
  `action_name` varchar(50) NOT NULL COMMENT '操作名称',
  `title` varchar(50) DEFAULT NULL,
  `status` tinyint(1) DEFAULT '0',
  `remark` varchar(255) DEFAULT NULL,
  `sort` smallint(6) unsigned DEFAULT '0',
  `pid` smallint(6) unsigned NOT NULL,
  `level` tinyint(1) unsigned NOT NULL,
  `type` tinyint(1) NOT NULL DEFAULT '0',
  `group_id` smallint(6) unsigned DEFAULT '0',
  PRIMARY KEY (`id`),
  KEY `level` (`level`),
  KEY `pid` (`pid`),
  KEY `status` (`status`),
  KEY `name` (`name`)
) ENGINE=MyISAM  DEFAULT CHARSET=utf8 AUTO_INCREMENT=27 ;

--
-- 转存表中的数据 `lhl_node`
--

INSERT INTO `lhl_node` (`id`, `name`, `action_name`, `title`, `status`, `remark`, `sort`, `pid`, `level`, `type`, `group_id`) VALUES
(1, 'Admin', '', '后台管理', 1, '', 0, 0, 1, 0, 0),
(2, 'read', '', '查看', 1, '', 0, 30, 3, 0, 0),
(3, 'Index', '', '默认模块', 1, '', 1, 1, 2, 0, 0),
(4, 'index', '', '列表', 1, '', 0, 30, 3, 0, 0),
(5, 'resume', '', '恢复', 1, '', 0, 30, 3, 0, 0),
(6, 'forbid', '', '禁用', 1, '', 0, 30, 3, 0, 0),
(7, 'foreverdelete', '', '删除', 1, '', 0, 30, 3, 0, 0),
(8, 'update', '', '更新', 1, '', 0, 30, 3, 0, 0),
(9, 'edit', '', '编辑', 1, '', 0, 30, 3, 0, 0),
(10, 'insert', '', '写入', 1, '', 0, 30, 3, 0, 0),
(11, 'add', '', '新增', 1, '', 0, 30, 3, 0, 0),
(12, 'Public', '', '公共模块', 1, '', 2, 1, 2, 0, 0),
(13, 'Sysconf', '', '系统参数设置', 1, '', 2, 1, 2, 0, 1),
(14, 'AdminLog', '', '系统日志', 1, '', 2, 1, 2, 0, 1),
(15, 'Group', '', '分组管理', 1, '', 2, 1, 2, 0, 1),
(16, 'System', '', '系统功能', 1, '', 2, 1, 2, 0, 1),
(17, 'Node', '', '节点管理', 1, '', 2, 1, 2, 0, 2),
(18, 'Role', '', '角色管理', 1, '', 3, 1, 2, 0, 2),
(19, 'User', '', '管理员管理', 1, '', 4, 1, 2, 0, 2),
(20, 'ArticleCat', '', '文章类别', 1, '管理文章文类', 2, 1, 2, 0, 3),
(21, 'Article', '', '文章管理', 0, '管理文章', 0, 1, 2, 0, 3),
(22, 'NavCategory', '', '导航分类', 1, '', 0, 1, 2, 0, 4),
(23, 'Nav', '', '前台菜单', 1, '', 0, 1, 2, 0, 4),
(24, 'Adv', '', '广告管理', 1, '', 0, 1, 2, 0, 5),
(25, 'AdvPosition', '', '广告位管理', 1, '', 0, 1, 2, 0, 5),
(26, 'Friendlink', '', '友情连接', 1, '', 0, 1, 2, 0, 6);

-- --------------------------------------------------------

--
-- 表的结构 `lhl_role`
--

CREATE TABLE IF NOT EXISTS `lhl_role` (
  `id` smallint(6) unsigned NOT NULL AUTO_INCREMENT,
  `name` varchar(20) NOT NULL,
  `pid` smallint(6) DEFAULT NULL,
  `status` tinyint(1) unsigned DEFAULT NULL,
  `remark` varchar(255) DEFAULT NULL,
  `ename` varchar(5) DEFAULT NULL,
  `create_time` int(11) unsigned NOT NULL,
  `update_time` int(11) unsigned NOT NULL,
  PRIMARY KEY (`id`),
  KEY `parentId` (`pid`),
  KEY `ename` (`ename`),
  KEY `status` (`status`)
) ENGINE=MyISAM DEFAULT CHARSET=utf8 AUTO_INCREMENT=1 ;

-- --------------------------------------------------------

--
-- 表的结构 `lhl_role_user`
--

CREATE TABLE IF NOT EXISTS `lhl_role_user` (
  `role_id` mediumint(9) unsigned DEFAULT NULL,
  `user_id` char(32) DEFAULT NULL,
  KEY `group_id` (`role_id`),
  KEY `user_id` (`user_id`)
) ENGINE=MyISAM DEFAULT CHARSET=utf8;

-- --------------------------------------------------------

--
-- 表的结构 `lhl_session`
--

CREATE TABLE IF NOT EXISTS `lhl_session` (
  `session_id` varchar(255) NOT NULL,
  `session_expire` int(11) NOT NULL,
  `session_data` blob,
  UNIQUE KEY `session_id` (`session_id`)
) ENGINE=MyISAM DEFAULT CHARSET=utf8;

--
-- 转存表中的数据 `lhl_session`
--

INSERT INTO `lhl_session` (`session_id`, `session_expire`, `session_data`) VALUES
('28spo29rshqv7sfq784t4rj377', 1376409114, 0x37313935613632656466643131613430613638633737666634306565393861367c623a303b41444d494e7c613a313a7b733a363a22766572696679223b733a33323a226135353835613464346231323237376665653563616430383830363131626336223b7d6175746849647c733a313a2231223b656d61696c7c733a303a22223b6c6f67696e557365724e616d657c733a393a22e7aea1e79086e59198223b6c6173744c6f67696e54696d657c733a31303a2231333736313030343330223b6c6f67696e5f636f756e747c733a323a223131223b61646d696e6973747261746f727c623a313b6d656e75317c613a31353a7b693a303b613a363a7b733a323a226964223b733a323a223236223b733a343a226e616d65223b733a31303a22467269656e646c696e6b223b733a383a2267726f75705f6964223b733a313a2236223b733a353a227469746c65223b733a31323a22e58f8be68385e8bf9ee68ea5223b733a31313a22616374696f6e5f6e616d65223b733a303a22223b733a363a22616363657373223b693a313b7d693a313b613a363a7b733a323a226964223b733a323a223235223b733a343a226e616d65223b733a31313a22416476506f736974696f6e223b733a383a2267726f75705f6964223b733a313a2235223b733a353a227469746c65223b733a31353a22e5b9bfe5918ae4bd8de7aea1e79086223b733a31313a22616374696f6e5f6e616d65223b733a303a22223b733a363a22616363657373223b693a313b7d693a323b613a363a7b733a323a226964223b733a323a223234223b733a343a226e616d65223b733a333a22416476223b733a383a2267726f75705f6964223b733a313a2235223b733a353a227469746c65223b733a31323a22e5b9bfe5918ae7aea1e79086223b733a31313a22616374696f6e5f6e616d65223b733a303a22223b733a363a22616363657373223b693a313b7d693a333b613a363a7b733a323a226964223b733a323a223233223b733a343a226e616d65223b733a333a224e6176223b733a383a2267726f75705f6964223b733a313a2234223b733a353a227469746c65223b733a31323a22e5898de58fb0e88f9ce58d95223b733a31313a22616374696f6e5f6e616d65223b733a303a22223b733a363a22616363657373223b693a313b7d693a343b613a363a7b733a323a226964223b733a323a223232223b733a343a226e616d65223b733a31313a224e617643617465676f7279223b733a383a2267726f75705f6964223b733a313a2234223b733a353a227469746c65223b733a31323a22e5afbce888aae58886e7b1bb223b733a31313a22616374696f6e5f6e616d65223b733a303a22223b733a363a22616363657373223b693a313b7d693a353b613a363a7b733a323a226964223b733a313a2233223b733a343a226e616d65223b733a353a22496e646578223b733a383a2267726f75705f6964223b733a313a2230223b733a353a227469746c65223b733a31323a22e9bb98e8aea4e6a8a1e59d97223b733a31313a22616374696f6e5f6e616d65223b733a303a22223b733a363a22616363657373223b693a313b7d693a363b613a363a7b733a323a226964223b733a323a223137223b733a343a226e616d65223b733a343a224e6f6465223b733a383a2267726f75705f6964223b733a313a2232223b733a353a227469746c65223b733a31323a22e88a82e782b9e7aea1e79086223b733a31313a22616374696f6e5f6e616d65223b733a303a22223b733a363a22616363657373223b693a313b7d693a373b613a363a7b733a323a226964223b733a323a223136223b733a343a226e616d65223b733a363a2253797374656d223b733a383a2267726f75705f6964223b733a313a2231223b733a353a227469746c65223b733a31323a22e7b3bbe7bb9fe58a9fe883bd223b733a31313a22616374696f6e5f6e616d65223b733a303a22223b733a363a22616363657373223b693a313b7d693a383b613a363a7b733a323a226964223b733a323a223230223b733a343a226e616d65223b733a31303a2241727469636c65436174223b733a383a2267726f75705f6964223b733a313a2233223b733a353a227469746c65223b733a31323a22e69687e7aba0e7b1bbe588ab223b733a31313a22616374696f6e5f6e616d65223b733a303a22223b733a363a22616363657373223b693a313b7d693a393b613a363a7b733a323a226964223b733a323a223135223b733a343a226e616d65223b733a353a2247726f7570223b733a383a2267726f75705f6964223b733a313a2231223b733a353a227469746c65223b733a31323a22e58886e7bb84e7aea1e79086223b733a31313a22616374696f6e5f6e616d65223b733a303a22223b733a363a22616363657373223b693a313b7d693a31303b613a363a7b733a323a226964223b733a323a223134223b733a343a226e616d65223b733a383a2241646d696e4c6f67223b733a383a2267726f75705f6964223b733a313a2231223b733a353a227469746c65223b733a31323a22e7b3bbe7bb9fe697a5e5bf97223b733a31313a22616374696f6e5f6e616d65223b733a303a22223b733a363a22616363657373223b693a313b7d693a31313b613a363a7b733a323a226964223b733a323a223133223b733a343a226e616d65223b733a373a22537973636f6e66223b733a383a2267726f75705f6964223b733a313a2231223b733a353a227469746c65223b733a31383a22e7b3bbe7bb9fe58f82e695b0e8aebee7bdae223b733a31313a22616374696f6e5f6e616d65223b733a303a22223b733a363a22616363657373223b693a313b7d693a31323b613a363a7b733a323a226964223b733a323a223132223b733a343a226e616d65223b733a363a225075626c6963223b733a383a2267726f75705f6964223b733a313a2230223b733a353a227469746c65223b733a31323a22e585ace585b1e6a8a1e59d97223b733a31313a22616374696f6e5f6e616d65223b733a303a22223b733a363a22616363657373223b693a313b7d693a31333b613a363a7b733a323a226964223b733a323a223138223b733a343a226e616d65223b733a343a22526f6c65223b733a383a2267726f75705f6964223b733a313a2232223b733a353a227469746c65223b733a31323a22e8a792e889b2e7aea1e79086223b733a31313a22616374696f6e5f6e616d65223b733a303a22223b733a363a22616363657373223b693a313b7d693a31343b613a363a7b733a323a226964223b733a323a223139223b733a343a226e616d65223b733a343a2255736572223b733a383a2267726f75705f6964223b733a313a2232223b733a353a227469746c65223b733a31353a22e7aea1e79086e59198e7aea1e79086223b733a31313a22616374696f6e5f6e616d65223b733a303a22223b733a363a22616363657373223b693a313b7d7d),
('pvmehd5a53sngeqe0r2jev4s25', 1376495470, 0x37313935613632656466643131613430613638633737666634306565393861367c623a303b41444d494e7c613a313a7b733a363a22766572696679223b733a33323a226133363862306465386239316366623366393138393266626631656264346232223b7d6175746849647c733a313a2231223b656d61696c7c733a303a22223b6c6f67696e557365724e616d657c733a393a22e7aea1e79086e59198223b6c6173744c6f67696e54696d657c733a31303a2231333736313830353138223b6c6f67696e5f636f756e747c733a323a223133223b61646d696e6973747261746f727c623a313b6d656e75317c613a31353a7b693a303b613a363a7b733a323a226964223b733a323a223236223b733a343a226e616d65223b733a31303a22467269656e646c696e6b223b733a383a2267726f75705f6964223b733a313a2236223b733a353a227469746c65223b733a31323a22e58f8be68385e8bf9ee68ea5223b733a31313a22616374696f6e5f6e616d65223b733a303a22223b733a363a22616363657373223b693a313b7d693a313b613a363a7b733a323a226964223b733a323a223235223b733a343a226e616d65223b733a31313a22416476506f736974696f6e223b733a383a2267726f75705f6964223b733a313a2235223b733a353a227469746c65223b733a31353a22e5b9bfe5918ae4bd8de7aea1e79086223b733a31313a22616374696f6e5f6e616d65223b733a303a22223b733a363a22616363657373223b693a313b7d693a323b613a363a7b733a323a226964223b733a323a223234223b733a343a226e616d65223b733a333a22416476223b733a383a2267726f75705f6964223b733a313a2235223b733a353a227469746c65223b733a31323a22e5b9bfe5918ae7aea1e79086223b733a31313a22616374696f6e5f6e616d65223b733a303a22223b733a363a22616363657373223b693a313b7d693a333b613a363a7b733a323a226964223b733a323a223233223b733a343a226e616d65223b733a333a224e6176223b733a383a2267726f75705f6964223b733a313a2234223b733a353a227469746c65223b733a31323a22e5898de58fb0e88f9ce58d95223b733a31313a22616374696f6e5f6e616d65223b733a303a22223b733a363a22616363657373223b693a313b7d693a343b613a363a7b733a323a226964223b733a323a223232223b733a343a226e616d65223b733a31313a224e617643617465676f7279223b733a383a2267726f75705f6964223b733a313a2234223b733a353a227469746c65223b733a31323a22e5afbce888aae58886e7b1bb223b733a31313a22616374696f6e5f6e616d65223b733a303a22223b733a363a22616363657373223b693a313b7d693a353b613a363a7b733a323a226964223b733a313a2233223b733a343a226e616d65223b733a353a22496e646578223b733a383a2267726f75705f6964223b733a313a2230223b733a353a227469746c65223b733a31323a22e9bb98e8aea4e6a8a1e59d97223b733a31313a22616374696f6e5f6e616d65223b733a303a22223b733a363a22616363657373223b693a313b7d693a363b613a363a7b733a323a226964223b733a323a223137223b733a343a226e616d65223b733a343a224e6f6465223b733a383a2267726f75705f6964223b733a313a2232223b733a353a227469746c65223b733a31323a22e88a82e782b9e7aea1e79086223b733a31313a22616374696f6e5f6e616d65223b733a303a22223b733a363a22616363657373223b693a313b7d693a373b613a363a7b733a323a226964223b733a323a223136223b733a343a226e616d65223b733a363a2253797374656d223b733a383a2267726f75705f6964223b733a313a2231223b733a353a227469746c65223b733a31323a22e7b3bbe7bb9fe58a9fe883bd223b733a31313a22616374696f6e5f6e616d65223b733a303a22223b733a363a22616363657373223b693a313b7d693a383b613a363a7b733a323a226964223b733a323a223230223b733a343a226e616d65223b733a31303a2241727469636c65436174223b733a383a2267726f75705f6964223b733a313a2233223b733a353a227469746c65223b733a31323a22e69687e7aba0e7b1bbe588ab223b733a31313a22616374696f6e5f6e616d65223b733a303a22223b733a363a22616363657373223b693a313b7d693a393b613a363a7b733a323a226964223b733a323a223135223b733a343a226e616d65223b733a353a2247726f7570223b733a383a2267726f75705f6964223b733a313a2231223b733a353a227469746c65223b733a31323a22e58886e7bb84e7aea1e79086223b733a31313a22616374696f6e5f6e616d65223b733a303a22223b733a363a22616363657373223b693a313b7d693a31303b613a363a7b733a323a226964223b733a323a223134223b733a343a226e616d65223b733a383a2241646d696e4c6f67223b733a383a2267726f75705f6964223b733a313a2231223b733a353a227469746c65223b733a31323a22e7b3bbe7bb9fe697a5e5bf97223b733a31313a22616374696f6e5f6e616d65223b733a303a22223b733a363a22616363657373223b693a313b7d693a31313b613a363a7b733a323a226964223b733a323a223133223b733a343a226e616d65223b733a373a22537973636f6e66223b733a383a2267726f75705f6964223b733a313a2231223b733a353a227469746c65223b733a31383a22e7b3bbe7bb9fe58f82e695b0e8aebee7bdae223b733a31313a22616374696f6e5f6e616d65223b733a303a22223b733a363a22616363657373223b693a313b7d693a31323b613a363a7b733a323a226964223b733a323a223132223b733a343a226e616d65223b733a363a225075626c6963223b733a383a2267726f75705f6964223b733a313a2230223b733a353a227469746c65223b733a31323a22e585ace585b1e6a8a1e59d97223b733a31313a22616374696f6e5f6e616d65223b733a303a22223b733a363a22616363657373223b693a313b7d693a31333b613a363a7b733a323a226964223b733a323a223138223b733a343a226e616d65223b733a343a22526f6c65223b733a383a2267726f75705f6964223b733a313a2232223b733a353a227469746c65223b733a31323a22e8a792e889b2e7aea1e79086223b733a31313a22616374696f6e5f6e616d65223b733a303a22223b733a363a22616363657373223b693a313b7d693a31343b613a363a7b733a323a226964223b733a323a223139223b733a343a226e616d65223b733a343a2255736572223b733a383a2267726f75705f6964223b733a313a2232223b733a353a227469746c65223b733a31353a22e7aea1e79086e59198e7aea1e79086223b733a31313a22616374696f6e5f6e616d65223b733a303a22223b733a363a22616363657373223b693a313b7d7d),
('2ihtenfbn91pg4pkr0focu6v71', 1376589401, 0x37313935613632656466643131613430613638633737666634306565393861367c623a303b41444d494e7c613a313a7b733a363a22766572696679223b733a33323a223661346362646165646362646130666138646463376561333230373363343735223b7d6175746849647c733a313a2231223b656d61696c7c733a303a22223b6c6f67696e557365724e616d657c733a393a22e7aea1e79086e59198223b6c6173744c6f67696e54696d657c733a31303a2231333736323639323138223b6c6f67696e5f636f756e747c733a323a223135223b61646d696e6973747261746f727c623a313b6d656e75317c613a31353a7b693a303b613a363a7b733a323a226964223b733a323a223236223b733a343a226e616d65223b733a31303a22467269656e646c696e6b223b733a383a2267726f75705f6964223b733a313a2236223b733a353a227469746c65223b733a31323a22e58f8be68385e8bf9ee68ea5223b733a31313a22616374696f6e5f6e616d65223b733a303a22223b733a363a22616363657373223b693a313b7d693a313b613a363a7b733a323a226964223b733a323a223235223b733a343a226e616d65223b733a31313a22416476506f736974696f6e223b733a383a2267726f75705f6964223b733a313a2235223b733a353a227469746c65223b733a31353a22e5b9bfe5918ae4bd8de7aea1e79086223b733a31313a22616374696f6e5f6e616d65223b733a303a22223b733a363a22616363657373223b693a313b7d693a323b613a363a7b733a323a226964223b733a323a223234223b733a343a226e616d65223b733a333a22416476223b733a383a2267726f75705f6964223b733a313a2235223b733a353a227469746c65223b733a31323a22e5b9bfe5918ae7aea1e79086223b733a31313a22616374696f6e5f6e616d65223b733a303a22223b733a363a22616363657373223b693a313b7d693a333b613a363a7b733a323a226964223b733a323a223233223b733a343a226e616d65223b733a333a224e6176223b733a383a2267726f75705f6964223b733a313a2234223b733a353a227469746c65223b733a31323a22e5898de58fb0e88f9ce58d95223b733a31313a22616374696f6e5f6e616d65223b733a303a22223b733a363a22616363657373223b693a313b7d693a343b613a363a7b733a323a226964223b733a323a223232223b733a343a226e616d65223b733a31313a224e617643617465676f7279223b733a383a2267726f75705f6964223b733a313a2234223b733a353a227469746c65223b733a31323a22e5afbce888aae58886e7b1bb223b733a31313a22616374696f6e5f6e616d65223b733a303a22223b733a363a22616363657373223b693a313b7d693a353b613a363a7b733a323a226964223b733a313a2233223b733a343a226e616d65223b733a353a22496e646578223b733a383a2267726f75705f6964223b733a313a2230223b733a353a227469746c65223b733a31323a22e9bb98e8aea4e6a8a1e59d97223b733a31313a22616374696f6e5f6e616d65223b733a303a22223b733a363a22616363657373223b693a313b7d693a363b613a363a7b733a323a226964223b733a323a223137223b733a343a226e616d65223b733a343a224e6f6465223b733a383a2267726f75705f6964223b733a313a2232223b733a353a227469746c65223b733a31323a22e88a82e782b9e7aea1e79086223b733a31313a22616374696f6e5f6e616d65223b733a303a22223b733a363a22616363657373223b693a313b7d693a373b613a363a7b733a323a226964223b733a323a223136223b733a343a226e616d65223b733a363a2253797374656d223b733a383a2267726f75705f6964223b733a313a2231223b733a353a227469746c65223b733a31323a22e7b3bbe7bb9fe58a9fe883bd223b733a31313a22616374696f6e5f6e616d65223b733a303a22223b733a363a22616363657373223b693a313b7d693a383b613a363a7b733a323a226964223b733a323a223230223b733a343a226e616d65223b733a31303a2241727469636c65436174223b733a383a2267726f75705f6964223b733a313a2233223b733a353a227469746c65223b733a31323a22e69687e7aba0e7b1bbe588ab223b733a31313a22616374696f6e5f6e616d65223b733a303a22223b733a363a22616363657373223b693a313b7d693a393b613a363a7b733a323a226964223b733a323a223135223b733a343a226e616d65223b733a353a2247726f7570223b733a383a2267726f75705f6964223b733a313a2231223b733a353a227469746c65223b733a31323a22e58886e7bb84e7aea1e79086223b733a31313a22616374696f6e5f6e616d65223b733a303a22223b733a363a22616363657373223b693a313b7d693a31303b613a363a7b733a323a226964223b733a323a223134223b733a343a226e616d65223b733a383a2241646d696e4c6f67223b733a383a2267726f75705f6964223b733a313a2231223b733a353a227469746c65223b733a31323a22e7b3bbe7bb9fe697a5e5bf97223b733a31313a22616374696f6e5f6e616d65223b733a303a22223b733a363a22616363657373223b693a313b7d693a31313b613a363a7b733a323a226964223b733a323a223133223b733a343a226e616d65223b733a373a22537973636f6e66223b733a383a2267726f75705f6964223b733a313a2231223b733a353a227469746c65223b733a31383a22e7b3bbe7bb9fe58f82e695b0e8aebee7bdae223b733a31313a22616374696f6e5f6e616d65223b733a303a22223b733a363a22616363657373223b693a313b7d693a31323b613a363a7b733a323a226964223b733a323a223132223b733a343a226e616d65223b733a363a225075626c6963223b733a383a2267726f75705f6964223b733a313a2230223b733a353a227469746c65223b733a31323a22e585ace585b1e6a8a1e59d97223b733a31313a22616374696f6e5f6e616d65223b733a303a22223b733a363a22616363657373223b693a313b7d693a31333b613a363a7b733a323a226964223b733a323a223138223b733a343a226e616d65223b733a343a22526f6c65223b733a383a2267726f75705f6964223b733a313a2232223b733a353a227469746c65223b733a31323a22e8a792e889b2e7aea1e79086223b733a31313a22616374696f6e5f6e616d65223b733a303a22223b733a363a22616363657373223b693a313b7d693a31343b613a363a7b733a323a226964223b733a323a223139223b733a343a226e616d65223b733a343a2255736572223b733a383a2267726f75705f6964223b733a313a2232223b733a353a227469746c65223b733a31353a22e7aea1e79086e59198e7aea1e79086223b733a31313a22616374696f6e5f6e616d65223b733a303a22223b733a363a22616363657373223b693a313b7d7d),
('0p6hju5468dhteisk11593o2s0', 1376598251, 0x37313935613632656466643131613430613638633737666634306565393861367c623a303b41444d494e7c613a313a7b733a363a22766572696679223b733a33323a223232386165626535393638666264623462613964343034316563633135313631223b7d6175746849647c733a313a2231223b656d61696c7c733a303a22223b6c6f67696e557365724e616d657c733a393a22e7aea1e79086e59198223b6c6173744c6f67696e54696d657c733a31303a2231333736323737333837223b6c6f67696e5f636f756e747c733a323a223136223b61646d696e6973747261746f727c623a313b6d656e75317c613a31353a7b693a303b613a363a7b733a323a226964223b733a323a223236223b733a343a226e616d65223b733a31303a22467269656e646c696e6b223b733a383a2267726f75705f6964223b733a313a2236223b733a353a227469746c65223b733a31323a22e58f8be68385e8bf9ee68ea5223b733a31313a22616374696f6e5f6e616d65223b733a303a22223b733a363a22616363657373223b693a313b7d693a313b613a363a7b733a323a226964223b733a323a223235223b733a343a226e616d65223b733a31313a22416476506f736974696f6e223b733a383a2267726f75705f6964223b733a313a2235223b733a353a227469746c65223b733a31353a22e5b9bfe5918ae4bd8de7aea1e79086223b733a31313a22616374696f6e5f6e616d65223b733a303a22223b733a363a22616363657373223b693a313b7d693a323b613a363a7b733a323a226964223b733a323a223234223b733a343a226e616d65223b733a333a22416476223b733a383a2267726f75705f6964223b733a313a2235223b733a353a227469746c65223b733a31323a22e5b9bfe5918ae7aea1e79086223b733a31313a22616374696f6e5f6e616d65223b733a303a22223b733a363a22616363657373223b693a313b7d693a333b613a363a7b733a323a226964223b733a323a223233223b733a343a226e616d65223b733a333a224e6176223b733a383a2267726f75705f6964223b733a313a2234223b733a353a227469746c65223b733a31323a22e5898de58fb0e88f9ce58d95223b733a31313a22616374696f6e5f6e616d65223b733a303a22223b733a363a22616363657373223b693a313b7d693a343b613a363a7b733a323a226964223b733a323a223232223b733a343a226e616d65223b733a31313a224e617643617465676f7279223b733a383a2267726f75705f6964223b733a313a2234223b733a353a227469746c65223b733a31323a22e5afbce888aae58886e7b1bb223b733a31313a22616374696f6e5f6e616d65223b733a303a22223b733a363a22616363657373223b693a313b7d693a353b613a363a7b733a323a226964223b733a313a2233223b733a343a226e616d65223b733a353a22496e646578223b733a383a2267726f75705f6964223b733a313a2230223b733a353a227469746c65223b733a31323a22e9bb98e8aea4e6a8a1e59d97223b733a31313a22616374696f6e5f6e616d65223b733a303a22223b733a363a22616363657373223b693a313b7d693a363b613a363a7b733a323a226964223b733a323a223137223b733a343a226e616d65223b733a343a224e6f6465223b733a383a2267726f75705f6964223b733a313a2232223b733a353a227469746c65223b733a31323a22e88a82e782b9e7aea1e79086223b733a31313a22616374696f6e5f6e616d65223b733a303a22223b733a363a22616363657373223b693a313b7d693a373b613a363a7b733a323a226964223b733a323a223136223b733a343a226e616d65223b733a363a2253797374656d223b733a383a2267726f75705f6964223b733a313a2231223b733a353a227469746c65223b733a31323a22e7b3bbe7bb9fe58a9fe883bd223b733a31313a22616374696f6e5f6e616d65223b733a303a22223b733a363a22616363657373223b693a313b7d693a383b613a363a7b733a323a226964223b733a323a223230223b733a343a226e616d65223b733a31303a2241727469636c65436174223b733a383a2267726f75705f6964223b733a313a2233223b733a353a227469746c65223b733a31323a22e69687e7aba0e7b1bbe588ab223b733a31313a22616374696f6e5f6e616d65223b733a303a22223b733a363a22616363657373223b693a313b7d693a393b613a363a7b733a323a226964223b733a323a223135223b733a343a226e616d65223b733a353a2247726f7570223b733a383a2267726f75705f6964223b733a313a2231223b733a353a227469746c65223b733a31323a22e58886e7bb84e7aea1e79086223b733a31313a22616374696f6e5f6e616d65223b733a303a22223b733a363a22616363657373223b693a313b7d693a31303b613a363a7b733a323a226964223b733a323a223134223b733a343a226e616d65223b733a383a2241646d696e4c6f67223b733a383a2267726f75705f6964223b733a313a2231223b733a353a227469746c65223b733a31323a22e7b3bbe7bb9fe697a5e5bf97223b733a31313a22616374696f6e5f6e616d65223b733a303a22223b733a363a22616363657373223b693a313b7d693a31313b613a363a7b733a323a226964223b733a323a223133223b733a343a226e616d65223b733a373a22537973636f6e66223b733a383a2267726f75705f6964223b733a313a2231223b733a353a227469746c65223b733a31383a22e7b3bbe7bb9fe58f82e695b0e8aebee7bdae223b733a31313a22616374696f6e5f6e616d65223b733a303a22223b733a363a22616363657373223b693a313b7d693a31323b613a363a7b733a323a226964223b733a323a223132223b733a343a226e616d65223b733a363a225075626c6963223b733a383a2267726f75705f6964223b733a313a2230223b733a353a227469746c65223b733a31323a22e585ace585b1e6a8a1e59d97223b733a31313a22616374696f6e5f6e616d65223b733a303a22223b733a363a22616363657373223b693a313b7d693a31333b613a363a7b733a323a226964223b733a323a223138223b733a343a226e616d65223b733a343a22526f6c65223b733a383a2267726f75705f6964223b733a313a2232223b733a353a227469746c65223b733a31323a22e8a792e889b2e7aea1e79086223b733a31313a22616374696f6e5f6e616d65223b733a303a22223b733a363a22616363657373223b693a313b7d693a31343b613a363a7b733a323a226964223b733a323a223139223b733a343a226e616d65223b733a343a2255736572223b733a383a2267726f75705f6964223b733a313a2232223b733a353a227469746c65223b733a31353a22e7aea1e79086e59198e7aea1e79086223b733a31313a22616374696f6e5f6e616d65223b733a303a22223b733a363a22616363657373223b693a313b7d7d),
('e46vkucnq01fuknr0lp4b8d5f7', 1376424026, 0x37313935613632656466643131613430613638633737666634306565393861367c623a303b41444d494e7c613a313a7b733a363a22766572696679223b733a33323a226466636530363830316531613835643664303666316664643434373564616364223b7d6175746849647c733a313a2231223b656d61696c7c733a303a22223b6c6f67696e557365724e616d657c733a393a22e7aea1e79086e59198223b6c6173744c6f67696e54696d657c733a31303a2231333735393236373539223b6c6f67696e5f636f756e747c733a323a223130223b61646d696e6973747261746f727c623a313b6d656e75317c613a31353a7b693a303b613a363a7b733a323a226964223b733a323a223236223b733a343a226e616d65223b733a31303a22467269656e646c696e6b223b733a383a2267726f75705f6964223b733a313a2236223b733a353a227469746c65223b733a31323a22e58f8be68385e8bf9ee68ea5223b733a31313a22616374696f6e5f6e616d65223b733a303a22223b733a363a22616363657373223b693a313b7d693a313b613a363a7b733a323a226964223b733a323a223235223b733a343a226e616d65223b733a31313a22416476506f736974696f6e223b733a383a2267726f75705f6964223b733a313a2235223b733a353a227469746c65223b733a31353a22e5b9bfe5918ae4bd8de7aea1e79086223b733a31313a22616374696f6e5f6e616d65223b733a303a22223b733a363a22616363657373223b693a313b7d693a323b613a363a7b733a323a226964223b733a323a223234223b733a343a226e616d65223b733a333a22416476223b733a383a2267726f75705f6964223b733a313a2235223b733a353a227469746c65223b733a31323a22e5b9bfe5918ae7aea1e79086223b733a31313a22616374696f6e5f6e616d65223b733a303a22223b733a363a22616363657373223b693a313b7d693a333b613a363a7b733a323a226964223b733a323a223233223b733a343a226e616d65223b733a333a224e6176223b733a383a2267726f75705f6964223b733a313a2234223b733a353a227469746c65223b733a31323a22e5898de58fb0e88f9ce58d95223b733a31313a22616374696f6e5f6e616d65223b733a303a22223b733a363a22616363657373223b693a313b7d693a343b613a363a7b733a323a226964223b733a323a223232223b733a343a226e616d65223b733a31313a224e617643617465676f7279223b733a383a2267726f75705f6964223b733a313a2234223b733a353a227469746c65223b733a31323a22e5afbce888aae58886e7b1bb223b733a31313a22616374696f6e5f6e616d65223b733a303a22223b733a363a22616363657373223b693a313b7d693a353b613a363a7b733a323a226964223b733a313a2233223b733a343a226e616d65223b733a353a22496e646578223b733a383a2267726f75705f6964223b733a313a2230223b733a353a227469746c65223b733a31323a22e9bb98e8aea4e6a8a1e59d97223b733a31313a22616374696f6e5f6e616d65223b733a303a22223b733a363a22616363657373223b693a313b7d693a363b613a363a7b733a323a226964223b733a323a223137223b733a343a226e616d65223b733a343a224e6f6465223b733a383a2267726f75705f6964223b733a313a2232223b733a353a227469746c65223b733a31323a22e88a82e782b9e7aea1e79086223b733a31313a22616374696f6e5f6e616d65223b733a303a22223b733a363a22616363657373223b693a313b7d693a373b613a363a7b733a323a226964223b733a323a223136223b733a343a226e616d65223b733a363a2253797374656d223b733a383a2267726f75705f6964223b733a313a2231223b733a353a227469746c65223b733a31323a22e7b3bbe7bb9fe58a9fe883bd223b733a31313a22616374696f6e5f6e616d65223b733a303a22223b733a363a22616363657373223b693a313b7d693a383b613a363a7b733a323a226964223b733a323a223230223b733a343a226e616d65223b733a31303a2241727469636c65436174223b733a383a2267726f75705f6964223b733a313a2233223b733a353a227469746c65223b733a31323a22e69687e7aba0e7b1bbe588ab223b733a31313a22616374696f6e5f6e616d65223b733a303a22223b733a363a22616363657373223b693a313b7d693a393b613a363a7b733a323a226964223b733a323a223135223b733a343a226e616d65223b733a353a2247726f7570223b733a383a2267726f75705f6964223b733a313a2231223b733a353a227469746c65223b733a31323a22e58886e7bb84e7aea1e79086223b733a31313a22616374696f6e5f6e616d65223b733a303a22223b733a363a22616363657373223b693a313b7d693a31303b613a363a7b733a323a226964223b733a323a223134223b733a343a226e616d65223b733a383a2241646d696e4c6f67223b733a383a2267726f75705f6964223b733a313a2231223b733a353a227469746c65223b733a31323a22e7b3bbe7bb9fe697a5e5bf97223b733a31313a22616374696f6e5f6e616d65223b733a303a22223b733a363a22616363657373223b693a313b7d693a31313b613a363a7b733a323a226964223b733a323a223133223b733a343a226e616d65223b733a373a22537973636f6e66223b733a383a2267726f75705f6964223b733a313a2231223b733a353a227469746c65223b733a31383a22e7b3bbe7bb9fe58f82e695b0e8aebee7bdae223b733a31313a22616374696f6e5f6e616d65223b733a303a22223b733a363a22616363657373223b693a313b7d693a31323b613a363a7b733a323a226964223b733a323a223132223b733a343a226e616d65223b733a363a225075626c6963223b733a383a2267726f75705f6964223b733a313a2230223b733a353a227469746c65223b733a31323a22e585ace585b1e6a8a1e59d97223b733a31313a22616374696f6e5f6e616d65223b733a303a22223b733a363a22616363657373223b693a313b7d693a31333b613a363a7b733a323a226964223b733a323a223138223b733a343a226e616d65223b733a343a22526f6c65223b733a383a2267726f75705f6964223b733a313a2232223b733a353a227469746c65223b733a31323a22e8a792e889b2e7aea1e79086223b733a31313a22616374696f6e5f6e616d65223b733a303a22223b733a363a22616363657373223b693a313b7d693a31343b613a363a7b733a323a226964223b733a323a223139223b733a343a226e616d65223b733a343a2255736572223b733a383a2267726f75705f6964223b733a313a2232223b733a353a227469746c65223b733a31353a22e7aea1e79086e59198e7aea1e79086223b733a31313a22616374696f6e5f6e616d65223b733a303a22223b733a363a22616363657373223b693a313b7d7d63757272656e744e6f646549647c733a313a2231223b),
('psdcutloa4p46i9ori8kb4uqi7', 1376487821, 0x41444d494e7c613a313a7b733a363a22766572696679223b733a33323a226562376566303436396164323361326335373832653837373064613034353239223b7d),
('br87v4fab8ssdrp1at3o7vh6c5', 1376572574, 0x37313935613632656466643131613430613638633737666634306565393861367c623a303b41444d494e7c613a313a7b733a363a22766572696679223b733a33323a226135666635643462306130643762336534643634313437303337643863333434223b7d6175746849647c733a313a2231223b656d61696c7c733a303a22223b6c6f67696e557365724e616d657c733a393a22e7aea1e79086e59198223b6c6173744c6f67696e54696d657c733a31303a2231333736313834383436223b6c6f67696e5f636f756e747c733a323a223134223b61646d696e6973747261746f727c623a313b6d656e75317c613a31353a7b693a303b613a363a7b733a323a226964223b733a323a223236223b733a343a226e616d65223b733a31303a22467269656e646c696e6b223b733a383a2267726f75705f6964223b733a313a2236223b733a353a227469746c65223b733a31323a22e58f8be68385e8bf9ee68ea5223b733a31313a22616374696f6e5f6e616d65223b733a303a22223b733a363a22616363657373223b693a313b7d693a313b613a363a7b733a323a226964223b733a323a223235223b733a343a226e616d65223b733a31313a22416476506f736974696f6e223b733a383a2267726f75705f6964223b733a313a2235223b733a353a227469746c65223b733a31353a22e5b9bfe5918ae4bd8de7aea1e79086223b733a31313a22616374696f6e5f6e616d65223b733a303a22223b733a363a22616363657373223b693a313b7d693a323b613a363a7b733a323a226964223b733a323a223234223b733a343a226e616d65223b733a333a22416476223b733a383a2267726f75705f6964223b733a313a2235223b733a353a227469746c65223b733a31323a22e5b9bfe5918ae7aea1e79086223b733a31313a22616374696f6e5f6e616d65223b733a303a22223b733a363a22616363657373223b693a313b7d693a333b613a363a7b733a323a226964223b733a323a223233223b733a343a226e616d65223b733a333a224e6176223b733a383a2267726f75705f6964223b733a313a2234223b733a353a227469746c65223b733a31323a22e5898de58fb0e88f9ce58d95223b733a31313a22616374696f6e5f6e616d65223b733a303a22223b733a363a22616363657373223b693a313b7d693a343b613a363a7b733a323a226964223b733a323a223232223b733a343a226e616d65223b733a31313a224e617643617465676f7279223b733a383a2267726f75705f6964223b733a313a2234223b733a353a227469746c65223b733a31323a22e5afbce888aae58886e7b1bb223b733a31313a22616374696f6e5f6e616d65223b733a303a22223b733a363a22616363657373223b693a313b7d693a353b613a363a7b733a323a226964223b733a313a2233223b733a343a226e616d65223b733a353a22496e646578223b733a383a2267726f75705f6964223b733a313a2230223b733a353a227469746c65223b733a31323a22e9bb98e8aea4e6a8a1e59d97223b733a31313a22616374696f6e5f6e616d65223b733a303a22223b733a363a22616363657373223b693a313b7d693a363b613a363a7b733a323a226964223b733a323a223137223b733a343a226e616d65223b733a343a224e6f6465223b733a383a2267726f75705f6964223b733a313a2232223b733a353a227469746c65223b733a31323a22e88a82e782b9e7aea1e79086223b733a31313a22616374696f6e5f6e616d65223b733a303a22223b733a363a22616363657373223b693a313b7d693a373b613a363a7b733a323a226964223b733a323a223136223b733a343a226e616d65223b733a363a2253797374656d223b733a383a2267726f75705f6964223b733a313a2231223b733a353a227469746c65223b733a31323a22e7b3bbe7bb9fe58a9fe883bd223b733a31313a22616374696f6e5f6e616d65223b733a303a22223b733a363a22616363657373223b693a313b7d693a383b613a363a7b733a323a226964223b733a323a223230223b733a343a226e616d65223b733a31303a2241727469636c65436174223b733a383a2267726f75705f6964223b733a313a2233223b733a353a227469746c65223b733a31323a22e69687e7aba0e7b1bbe588ab223b733a31313a22616374696f6e5f6e616d65223b733a303a22223b733a363a22616363657373223b693a313b7d693a393b613a363a7b733a323a226964223b733a323a223135223b733a343a226e616d65223b733a353a2247726f7570223b733a383a2267726f75705f6964223b733a313a2231223b733a353a227469746c65223b733a31323a22e58886e7bb84e7aea1e79086223b733a31313a22616374696f6e5f6e616d65223b733a303a22223b733a363a22616363657373223b693a313b7d693a31303b613a363a7b733a323a226964223b733a323a223134223b733a343a226e616d65223b733a383a2241646d696e4c6f67223b733a383a2267726f75705f6964223b733a313a2231223b733a353a227469746c65223b733a31323a22e7b3bbe7bb9fe697a5e5bf97223b733a31313a22616374696f6e5f6e616d65223b733a303a22223b733a363a22616363657373223b693a313b7d693a31313b613a363a7b733a323a226964223b733a323a223133223b733a343a226e616d65223b733a373a22537973636f6e66223b733a383a2267726f75705f6964223b733a313a2231223b733a353a227469746c65223b733a31383a22e7b3bbe7bb9fe58f82e695b0e8aebee7bdae223b733a31313a22616374696f6e5f6e616d65223b733a303a22223b733a363a22616363657373223b693a313b7d693a31323b613a363a7b733a323a226964223b733a323a223132223b733a343a226e616d65223b733a363a225075626c6963223b733a383a2267726f75705f6964223b733a313a2230223b733a353a227469746c65223b733a31323a22e585ace585b1e6a8a1e59d97223b733a31313a22616374696f6e5f6e616d65223b733a303a22223b733a363a22616363657373223b693a313b7d693a31333b613a363a7b733a323a226964223b733a323a223138223b733a343a226e616d65223b733a343a22526f6c65223b733a383a2267726f75705f6964223b733a313a2232223b733a353a227469746c65223b733a31323a22e8a792e889b2e7aea1e79086223b733a31313a22616374696f6e5f6e616d65223b733a303a22223b733a363a22616363657373223b693a313b7d693a31343b613a363a7b733a323a226964223b733a323a223139223b733a343a226e616d65223b733a343a2255736572223b733a383a2267726f75705f6964223b733a313a2232223b733a353a227469746c65223b733a31353a22e7aea1e79086e59198e7aea1e79086223b733a31313a22616374696f6e5f6e616d65223b733a303a22223b733a363a22616363657373223b693a313b7d7d);

-- --------------------------------------------------------

--
-- 表的结构 `lhl_shop_config`
--

CREATE TABLE IF NOT EXISTS `lhl_shop_config` (
  `id` smallint(5) unsigned NOT NULL AUTO_INCREMENT,
  `parent_id` smallint(5) unsigned NOT NULL DEFAULT '0',
  `code` varchar(30) NOT NULL DEFAULT '',
  `type` varchar(10) NOT NULL DEFAULT '',
  `store_range` varchar(255) NOT NULL DEFAULT '',
  `store_dir` varchar(255) NOT NULL DEFAULT '',
  `value` text NOT NULL,
  `sort_order` tinyint(3) unsigned NOT NULL DEFAULT '1',
  PRIMARY KEY (`id`),
  UNIQUE KEY `code` (`code`),
  KEY `parent_id` (`parent_id`)
) ENGINE=MyISAM  DEFAULT CHARSET=utf8 AUTO_INCREMENT=116 ;

--
-- 转存表中的数据 `lhl_shop_config`
--

INSERT INTO `lhl_shop_config` (`id`, `parent_id`, `code`, `type`, `store_range`, `store_dir`, `value`, `sort_order`) VALUES
(1, 0, 'basic', 'group', '', '', '', 1),
(101, 1, 'name', 'text', '', '', '', 1),
(102, 1, 'title', 'text', '', '', '', 1),
(103, 1, 'desc', 'text', '', '', '', 1),
(104, 1, 'keywords', 'text', '', '', '', 1),
(105, 1, 'address', 'text', '', '', '', 1),
(106, 1, 'qq', 'text', '', '', '', 1),
(107, 1, 'url', 'text', '', '', '', 1),
(108, 1, 'skype', 'text', '', '', '', 1),
(109, 1, 'msn', 'text', '', '', '', 1),
(110, 1, 'service_email', 'text', '', '', '', 1),
(111, 1, 'service_phone', 'text', '', '', '', 1),
(112, 1, 'logo', 'file', '', '', '', 1),
(113, 1, 'notice', 'textarea', '', '', '', 1),
(114, 1, 'icp_number', 'text', '', '', '', 1),
(115, 1, 'no_picture', 'file', '', '../images/', '', 1);

-- --------------------------------------------------------

--
-- 表的结构 `lhl_user`
--

CREATE TABLE IF NOT EXISTS `lhl_user` (
  `id` smallint(5) unsigned NOT NULL AUTO_INCREMENT,
  `account` varchar(64) NOT NULL,
  `nickname` varchar(50) NOT NULL,
  `password` char(32) NOT NULL,
  `bind_account` varchar(50) NOT NULL,
  `last_login_time` int(11) unsigned DEFAULT '0',
  `last_login_ip` varchar(40) DEFAULT NULL,
  `login_count` mediumint(8) unsigned DEFAULT '0',
  `verify` varchar(32) DEFAULT NULL,
  `email` varchar(50) NOT NULL,
  `remark` varchar(255) NOT NULL,
  `create_time` int(11) unsigned NOT NULL,
  `update_time` int(11) unsigned NOT NULL,
  `status` tinyint(1) DEFAULT '0',
  `type_id` tinyint(2) unsigned DEFAULT '0',
  `info` text NOT NULL,
  PRIMARY KEY (`id`),
  UNIQUE KEY `account` (`account`)
) ENGINE=MyISAM  DEFAULT CHARSET=utf8 AUTO_INCREMENT=2 ;

--
-- 转存表中的数据 `lhl_user`
--

INSERT INTO `lhl_user` (`id`, `account`, `nickname`, `password`, `bind_account`, `last_login_time`, `last_login_ip`, `login_count`, `verify`, `email`, `remark`, `create_time`, `update_time`, `status`, `type_id`, `info`) VALUES
(1, 'admin', '管理员', '0ffe20fd08234458f9ae35c7396ca6f6', '', 1376290565, '124.205.34.139', 17, NULL, '', '', 1374999462, 0, 1, 0, '');

/*!40101 SET CHARACTER_SET_CLIENT=@OLD_CHARACTER_SET_CLIENT */;
/*!40101 SET CHARACTER_SET_RESULTS=@OLD_CHARACTER_SET_RESULTS */;
/*!40101 SET COLLATION_CONNECTION=@OLD_COLLATION_CONNECTION */;
